{
  "project_info": {
    "project_number": "209135763025",
    "project_id": "zoovie-aa138",
    "storage_bucket": "zoovie-aa138.appspot.com"
  },
  "client": [
    {
      "client_info": {
        "mobilesdk_app_id": "1:209135763025:android:30c215fac692a3bba58270",
        "android_client_info": {
          "package_name": "com.zoovie.zoovie"
        }
      },
      "oauth_client": [
        {
          "client_id": "209135763025-ij1pl767r67tu4ej3ie2b2k1nhdf5v8o.apps.googleusercontent.com",
          "client_type": 1,
          "android_info": {
            "package_name": "com.zoovie.zoovie",
            "certificate_hash": "9bbb3186b2189ef16d8f272bdab59362c395cbb4"
          }
        },
        {
          "client_id": "209135763025-8efkjru9kvo5ojg9tbhs9jt3i3ambk2h.apps.googleusercontent.com",
          "client_type": 3
        }
      ],
      "api_key": [
        {
          "current_key": "AIzaSyD0CkC_p_iNSE_GqIWTjJ8XIjIT4JlUBvY"
        }
      ],
      "services": {
        "appinvite_service": {
          "other_platform_oauth_client": [
            {
              "client_id": "209135763025-8efkjru9kvo5ojg9tbhs9jt3i3ambk2h.apps.googleusercontent.com",
              "client_type": 3
            },
            {
              "client_id": "209135763025-1etqu9ujeaphf8qm3b4ftthqtek90qlt.apps.googleusercontent.com",
              "client_type": 2,
              "ios_info": {
                "bundle_id": "com.zoovie.zoovie"
              }
            }
          ]
        }
      }
    }
  ],
  "configuration_version": "1"
}