{
  "indexes": [
    {
      "collectionGroup": "comments",
      "queryScope": "COLLECTION",
      "fields": [
        {
          "fieldPath": "postID",
          "order": "ASCENDING"
        },
        {
          "fieldPath": "created_date",
          "order": "ASCENDING"
        }
      ]
    },
    {
      "collectionGroup": "saved_posts",
      "queryScope": "COLLECTION",
      "fields": [
        {
          "fieldPath": "userID",
          "order": "ASCENDING"
        },
        {
          "fieldPath": "saved_date",
          "order": "DESCENDING"
        }
      ]
    },
    {
      "collectionGroup": "posts",
      "queryScope": "COLLECTION",
      "fields": [
        {
          "fieldPath": "tagged_users",
          "arrayConfig": "CONTAINS"
        },
        {
          "fieldPath": "created_date",
          "order": "DESCENDING"
        }
      ]
    },
    {
      "collectionGroup": "posts",
      "queryScope": "COLLECTION",
      "fields": [
        {
          "fieldPath": "userID",
          "order": "ASCENDING"
        },
        {
          "fieldPath": "created_date",
          "order": "DESCENDING"
        }
      ]
    },
    {
      "collectionGroup": "chats",
      "queryScope": "COLLECTION",
      "fields": [
        {
          "fieldPath": "users",
          "arrayConfig": "CONTAINS"
        },
        {
          "fieldPath": "time",
          "order": "DESCENDING"
        }
      ]
    },
    {
      "collectionGroup": "chat_messages",
      "queryScope": "COLLECTION",
      "fields": [
        {
          "fieldPath": "chat",
          "order": "ASCENDING"
        },
        {
          "fieldPath": "time",
          "order": "DESCENDING"
        }
      ]
    },
    {
      "collectionGroup": "points",
      "queryScope": "COLLECTION",
      "fields": [
        {
          "fieldPath": "buyerID",
          "order": "ASCENDING"
        },
        {
          "fieldPath": "time",
          "order": "DESCENDING"
        }
      ]
    },
    {
      "collectionGroup": "notifications",
      "queryScope": "COLLECTION",
      "fields": [
        {
          "fieldPath": "receiver_ID",
          "order": "ASCENDING"
        },
        {
          "fieldPath": "date_created",
          "order": "DESCENDING"
        }
      ]
    },
    {
      "collectionGroup": "points",
      "queryScope": "COLLECTION",
      "fields": [
        {
          "fieldPath": "vendor",
          "order": "ASCENDING"
        },
        {
          "fieldPath": "time",
          "order": "DESCENDING"
        }
      ]
    },
    {
      "collectionGroup": "bookings",
      "queryScope": "COLLECTION",
      "fields": [
        {
          "fieldPath": "cancelled",
          "order": "ASCENDING"
        },
        {
          "fieldPath": "users",
          "arrayConfig": "CONTAINS"
        },
        {
          "fieldPath": "eventDateStart",
          "order": "ASCENDING"
        }
      ]
    }
  ]
}